,AESL_inst_top_function,,module_status1.csv
,grp_top_function_Pipeline_1_fu_432,,module_status2.csv
,grp_top_function_Pipeline_3_fu_438,,module_status3.csv
,grp_top_function_Pipeline_5_fu_444,,module_status4.csv
,grp_top_function_Pipeline_7_fu_450,,module_status5.csv
,grp_top_function_Pipeline_VITIS_LOOP_37_1_fu_456,,module_status6.csv
,grp_top_function_Pipeline_VITIS_LOOP_58_1_fu_486,,module_status7.csv
,grp_top_function_Pipeline_VITIS_LOOP_79_1_fu_518,,module_status8.csv
,grp_top_function_Pipeline_VITIS_LOOP_100_1_fu_550,,module_status9.csv
,grp_top_function_Pipeline_VITIS_LOOP_141_1_fu_582,,module_status10.csv
